DEPT,TOC
-239.0,
-231.16816816816845,
-223.3363363363369,
-215.50450450450444,
-207.6726726726729,0.0
-199.84084084084134,0.0
-192.00900900900888,8.947754586381112
-184.17717717717733,9.494615544765452
-176.34534534534578,1.102139742192979
-168.51351351351332,0.0
-160.68168168168177,0.0
-152.84984984985022,0.0
-145.01801801801867,0.0
-137.1861861861862,0.0
-129.35435435435465,0.0
-121.5225225225231,0.0
-113.69069069069064,0.0
-105.8588588588591,0.0
-98.02702702702754,0.0
-90.19519519519508,0.0
-82.36336336336353,0.0
-74.53153153153198,0.0
-66.69969969969952,0.0
-58.86786786786797,0.0
-51.03603603603642,0.0
-43.20420420420487,0.0
-35.37237237237241,0.0
-27.54054054054086,0.0
-19.70870870870931,0.0
-11.87687687687685,0.0
-4.045045045045299,0.0
3.7867867867862515,0.0
11.618618618618711,0.0
19.450450450450262,0.0
27.282282282281813,0.0
35.11411411411427,0.0
42.94594594594582,0.0
50.777777777777374,0.0
58.609609609609834,0.0
66.44144144144138,0.0
74.27327327327293,0.0
82.10510510510449,0.0
89.93693693693695,0.0
97.7687687687685,8.38022302854065
105.60060060060005,10.094830391527102
113.4324324324325,9.96838567712621
121.26426426426406,9.439751372783379
129.0960960960956,8.866546902819083
136.92792792792807,8.798396458292356
144.75975975975962,9.20395780062097
152.59159159159117,9.619433107842186
160.42342342342363,9.856754388104138
168.25525525525518,10.028024919753152
176.08708708708673,10.20809716606066
183.91891891891828,10.314157465378507
191.75075075075074,10.28581654223068
199.5825825825823,10.147453052792244
207.41441441441384,9.920896189156878
215.2462462462463,9.66833668580613
223.07807807807785,9.480817649749286
230.9099099099094,9.427332806515144
238.74174174174186,9.47096719477321
246.5735735735734,9.477831594261518
254.40540540540496,9.387453585462422
262.2372372372374,9.248361131027336
270.069069069069,9.149105478917935
277.9009009009005,9.066595241981158
285.7327327327321,8.877456979759298
293.56456456456453,8.668770717571618
301.3963963963961,8.570268731400697
309.22822822822764,8.563174804102815
317.0600600600601,8.619431444014294
324.89189189189165,8.674945147193007
332.7237237237232,8.680341414878445
340.55555555555566,8.636187282193145
348.3873873873872,8.59538475752154
356.21921921921876,8.580079950516598
364.0510510510512,8.557515041160977
371.88288288288277,8.58424222739367
379.7147147147143,8.712579242796973
387.5465465465468,8.784584876882422
395.37837837837833,8.669961028005794
403.2102102102099,8.463700260085945
411.04204204204143,8.30774343749432
418.8738738738739,8.215154100522835
426.70570570570544,8.146492218340633
434.537537537537,8.074738047969202
442.36936936936945,7.996810274483499
450.201201201201,7.9174829389565415
458.03303303303255,7.840118137576541
465.864864864865,7.770231602554635
473.69669669669656,7.695999724478871
481.5285285285281,7.596187069768443
489.3603603603606,7.443425554131954
497.1921921921921,7.260710836093049
505.0240240240237,7.126776628860526
512.8558558558552,7.107336289006583
520.6876876876877,7.191698428013006
528.5195195195192,7.290750468044664
536.3513513513508,7.389776047158586
544.1831831831832,7.547020415608693
552.0150150150148,7.717645229749154
559.8468468468463,7.83493746224138
567.6786786786788,7.912415149066078
575.5105105105104,7.933033488524583
583.3423423423419,7.778362145716693
591.1741741741744,7.470817409984302
599.0060060060059,7.119021848577279
606.8378378378375,6.825374038689729
614.669669669669,6.637265901707358
622.5015015015015,6.52006313520621
630.333333333333,6.480001774308458
638.1651651651646,6.516471904815128
645.996996996997,6.601895944715541
653.8288288288286,6.690110534533305
661.6606606606601,6.7861769761335005
669.4924924924926,6.904615768574756
677.3243243243242,7.025002708046431
685.1561561561557,7.0837912306600375
692.9879879879882,7.0457326437989956
700.8198198198197,6.968278339157191
708.6516516516513,6.85338249108436
716.4834834834837,6.695536713987344
724.3153153153153,6.578135108444975
732.1471471471468,6.599974783704994
739.9789789789784,6.73480057558645
747.8108108108108,6.871583644490279
755.6426426426424,6.941317177779161
763.4744744744739,6.926547185524246
771.3063063063064,6.858394070137984
779.138138138138,6.75496933864562
786.9699699699695,6.625066284137292
794.801801801802,6.492043217401431
802.6336336336335,6.404846272783677
810.4654654654651,6.334889219316089
818.2972972972975,6.244486988509986
826.1291291291291,6.126667638994243
833.9609609609606,5.99359594928116
841.7927927927922,5.8567568840813395
849.6246246246246,5.699367922046414
857.4564564564562,5.527735735870603
865.2882882882877,5.426994536055196
873.1201201201202,5.421618746493607
880.9519519519517,5.373275071643585
888.7837837837833,5.255134330292074
896.6156156156158,5.160961312231668
904.4474474474473,5.118855576667781
912.2792792792789,5.123554046561243
920.1111111111113,5.200435800162205
927.9429429429429,5.298841363581566
935.7747747747744,5.3256058666187895
943.606606606606,5.2037398965703305
951.4384384384384,4.938708799053893
959.27027027027,4.707127240616629
967.1021021021015,4.65849075802241
974.933933933934,4.759750795094642
982.7657657657655,4.860810613892786
990.5975975975971,4.9255409916653505
998.4294294294295,4.97908110145916
1006.2612612612611,5.095363997604169
1014.0930930930926,5.249749303697869
1021.9249249249251,5.322016236704238
1029.7567567567567,5.300632598619463
1037.5885885885882,5.240243847002516
1045.4204204204207,5.177660237620241
1053.2522522522522,5.153851479518326
1061.0840840840838,5.189491507165088
1068.9159159159153,5.3697344030960075
1076.7477477477478,5.634588381296241
1084.5795795795793,5.805840042988306
1092.4114114114109,5.627846511083563
1100.2432432432433,4.961113177772607
1108.075075075075,4.267905780746142
1115.9069069069064,3.954967679555807
1123.738738738739,3.8870021134505577
1131.5705705705705,3.7625775443813643
1139.402402402402,3.584032510686373
1147.2342342342345,3.5433683587144658
1155.066066066066,3.7120206927336006
1162.8978978978976,4.033506169703102
1170.7297297297291,4.389233082393609
1178.5615615615616,4.659249878931532
1186.3933933933931,4.86184889251554
1194.2252252252247,5.017567181456339
1202.0570570570571,4.901379735856386
1209.8888888888887,4.404451854983588
1217.7207207207202,3.836405878224901
1225.5525525525527,3.5797871176857274
1233.3843843843842,3.6004610352248854
1241.2162162162158,3.6642795079048263
1249.0480480480483,3.6797406754672854
1256.8798798798798,3.6841561465571875
1264.7117117117114,3.7158361888198916
1272.543543543543,3.7960888231744385
1280.3753753753754,3.93393894088311
1288.207207207207,4.174967695979351
1296.0390390390385,4.531979436800103
1303.870870870871,4.830017166448427
1311.7027027027025,4.851337002720156
1319.534534534534,4.639673918782715
1327.3663663663665,4.357738348391889
1335.198198198198,4.2006497861769025
1343.0300300300296,4.276910622599629
1350.861861861862,4.494462885974667
1358.6936936936936,4.813554239432864
1366.5255255255252,5.118875267066444
1374.3573573573576,5.333760535242398
1382.1891891891892,5.363095713074918
1390.0210210210207,5.047645178847852
1397.8528528528523,4.4153537871763175
1405.6846846846847,3.798641256688952
1413.5165165165163,3.539941574953228
1421.3483483483478,3.5606048863933193
1429.1801801801803,3.633044215975929
1437.0120120120118,3.5440558013555172
1444.8438438438434,3.4337292219374937
1452.6756756756758,3.588826229438788
1460.5075075075074,4.058959293116488
1468.339339339339,4.681769043975683
1476.1711711711714,5.110624080256514
1484.003003003003,5.1394967931425635
1491.8348348348345,4.917420507009012
1499.666666666666,4.706256199058178
1507.4984984984985,4.631979861214336
1515.33033033033,4.624175833637161
1523.1621621621616,4.6571714152097075
1530.993993993994,4.727123448721901
1538.8258258258256,4.786575738509977
1546.6576576576572,4.769725962878463
1554.4894894894896,4.61275001171211
1562.3213213213212,4.407869445119533
1570.1531531531527,4.248509287134806
1577.9849849849852,4.255326300546391
1585.8168168168168,4.378278960497009
1593.6486486486483,4.512451832660354
1601.4804804804799,4.6581597512818576
1609.3123123123123,4.818204533672111
1617.1441441441439,5.022850805827803
1624.9759759759754,5.2374155170626295
1632.8078078078079,5.375245634896279
1640.6396396396394,5.300811657892053
1648.471471471471,4.984147460406901
1656.3033033033034,4.744697870617455
1664.135135135135,4.707408108441421
1671.9669669669665,4.684526848307907
1679.798798798799,4.499557491225191
1687.6306306306305,4.341045744881826
1695.462462462462,4.300186479345638
1703.2942942942946,4.02998655039209
1711.126126126126,3.5150853830299504
1718.9579579579577,3.121422802764008
1726.7897897897892,3.0374174230667217
1734.6216216216217,3.1128085718553056
1742.4534534534532,3.189384890996374
1750.2852852852848,3.3471455204823797
1758.1171171171172,3.698724543096615
1765.9489489489488,4.164039896712666
1773.7807807807803,4.5898882959136955
1781.6126126126128,4.777143386584075
1789.4444444444443,4.577443810753896
1797.276276276276,3.9740194775095103
1805.1081081081084,3.3657958315426804
1812.93993993994,3.250712298128968
1820.7717717717715,3.6583667489059892
1828.603603603603,4.214558656318501
1836.4354354354355,4.599451696745421
1844.267267267267,4.735242835785731
1852.0990990990986,4.557549731038746
1859.930930930931,4.094735927735609
1867.7627627627626,3.54292330690588
1875.5945945945941,3.1307702159606716
1883.4264264264266,2.866922884393968
1891.2582582582581,2.710444923817267
1899.0900900900897,2.7363351217182603
1906.9219219219221,2.9782237324817
1914.7537537537537,3.2863235993774533
1922.5855855855852,3.476686068852544
1930.4174174174168,3.5261653502138333
1938.2492492492493,3.5280334881780995
1946.0810810810808,3.659973871072906
1953.9129129129124,3.9878751485457236
1961.7447447447448,4.276835050844827
1969.5765765765764,4.246138667486822
1977.408408408408,3.9991942145111277
1985.2402402402404,3.879323089586901
1993.072072072072,4.038131218509798
2000.9039039039035,4.301003905201762
2008.735735735736,4.476098429245263
2016.5675675675675,4.539340208015526
2024.399399399399,4.526042087494387
2032.2312312312315,4.54754720796579
2040.063063063063,4.5548037091779445
2047.8948948948946,4.378047867200531
2055.726726726726,3.946663799490252
2063.5585585585586,3.5654881848407127
2071.39039039039,3.5608011853599795
2079.2222222222217,3.861609596198154
2087.054054054054,4.125574714081607
2094.8858858858857,4.134105534001817
2102.7177177177173,3.977789350440475
2110.5495495495497,3.848717089637665
2118.3813813813813,3.8581195764463154
2126.213213213213,3.962244774981771
2134.0450450450453,4.0759372641110545
2141.876876876877,4.127846253419261
2149.7087087087084,4.123430672180176
2157.54054054054,4.08024463687373
2165.3723723723724,3.9948081324161784
2173.204204204204,3.9565100799405797
2181.0360360360355,4.040431257762245
2188.867867867868,4.150539789248601
2196.6996996996995,4.026014250277972
2204.531531531531,3.628834726902414
2212.3633633633635,3.305603504104116
2220.195195195195,3.2784416395178746
2228.0270270270266,3.5929937708126634
2235.858858858859,4.037427985658872
2243.6906906906906,4.303074888003791
2251.522522522522,4.346059203366541
2259.3543543543537,4.2543451158445835
2267.186186186186,4.157599173835628
2275.0180180180178,4.1004621191966475
2282.8498498498493,4.130153592370012
2290.6816816816818,
2298.5135135135133,
2306.345345345345,
2314.1771771771773,
2322.009009009009,
2329.8408408408404,
2337.672672672673,
2345.5045045045044,0.0
2353.336336336336,0.0
2361.1681681681684,2.48576127383431
2369.0,4.304967398058991
2376.8318318318316,4.346615880905632
2384.663663663663,4.4654045483539635
2392.4954954954956,4.586502995915968
2400.327327327327,4.669602546203759
2408.1591591591587,4.660764289479371
2415.990990990991,4.615352126382029
2423.8228228228227,4.631853881440573
2431.654654654654,4.665134246649894
2439.4864864864867,4.631780836724926
2447.3183183183182,4.514559893696387
2455.15015015015,4.352808539797072
2462.9819819819822,4.233264138163727
2470.813813813814,4.208703468590942
2478.6456456456453,4.268314445431696
2486.477477477477,4.345684287353119
2494.3093093093094,4.305307574050279
2502.141141141141,4.056710173163643
2509.9729729729725,3.776169601562285
2517.804804804805,3.7185790401297405
2525.6366366366365,3.8653894107738926
2533.468468468468,4.065566218221827
2541.3003003003005,4.255158698176789
2549.132132132132,4.377389194763476
2556.9639639639636,4.337588218839874
2564.795795795796,4.10184130141139
2572.6276276276276,3.8422022049344307
2580.459459459459,3.7223723241678286
2588.2912912912907,3.7297223665832036
2596.123123123123,3.7548592401764904
2603.9549549549547,3.701895983325341
2611.7867867867863,3.700219450293173
2619.6186186186187,3.88209399764844
2627.4504504504503,4.1537164111055
2635.282282282282,4.366410319247556
2643.1141141141143,4.4902670485753164
2650.945945945946,4.540937694035927
2658.7777777777774,4.519386044265712
2666.60960960961,4.461331327227253
2674.4414414414414,4.338781016944736
2682.273273273273,4.126974149073478
2690.1051051051054,3.8974301410967587
2697.936936936937,3.8324483163326306
2705.7687687687685,3.982652131314427
2713.6006006006,4.214437477428646
2721.4324324324325,4.388172956681841
2729.264264264264,4.4148800435401405
2737.0960960960956,4.295375150322265
2744.927927927928,4.0661070481559864
2752.7597597597596,3.866272402160091
2760.591591591591,3.8112646115870463
2768.4234234234236,3.88222642977337
2776.255255255255,3.951177304625271
2784.0870870870867,3.9220333217469165
2791.918918918919,3.8327133433623892
2799.7507507507507,3.799780825259984
2807.5825825825823,3.851613062577216
2815.414414414414,3.9288775921186265
2823.2462462462463,3.976205105640974
2831.078078078078,3.9131492883542163
2838.9099099099094,3.722719652977499
2846.741741741742,3.558410134887779
2854.5735735735734,3.6064764860387113
2862.405405405405,3.8071358167476674
2870.2372372372374,3.9608586027810073
2878.069069069069,4.0209463437431
2885.9009009009005,4.0763122232458375
2893.732732732733,4.181837561006592
2901.5645645645645,4.2648589996047335
2909.396396396396,4.22005278832523
2917.2282282282276,4.094793162963686
2925.06006006006,4.030604354714962
2932.8918918918916,4.0087417387018505
2940.723723723723,3.970616642654997
2948.5555555555557,3.923799021526213
2956.387387387387,3.9808396809328377
2964.2192192192188,4.152545899079039
2972.051051051051,4.32439898526254
2979.8828828828828,4.408407360097837
2987.7147147147143,4.356438276145344
2995.546546546547,4.17058158558182
3003.3783783783783,3.9201968642741707
3011.21021021021,3.7488544134755837
3019.0420420420423,3.730773596063154
3026.873873873874,3.822144892243374
3034.7057057057054,3.9035634588136507
3042.537537537537,3.9191201260251103
3050.3693693693695,3.89645439557485
3058.201201201201,3.876839180419116
3066.0330330330326,3.8715560445621557
3073.864864864865,3.867398702868154
3081.6966966966966,3.862553651615245
3089.528528528528,3.8633358489154386
3097.3603603603606,3.867717748596942
3105.192192192192,3.883119194296507
3113.0240240240237,3.9044356830733684
3120.855855855856,3.9016450839299996
3128.6876876876877,3.84883245599805
3136.5195195195192,3.776358089290441
3144.351351351351,3.7387951625200824
3152.1831831831832,3.7285848390033234
3160.015015015015,3.7169713920653074
3167.8468468468463,3.706108875036013
3175.678678678679,3.7028103223361986
3183.5105105105104,3.7004194155955483
3191.342342342342,3.6820192893243076
3199.1741741741744,3.660882180521061
3207.006006006006,3.647550690747815
3214.8378378378375,3.631622676815236
3222.66966966967,3.6146739700224884
3230.5015015015015,3.6004462494378573
3238.333333333333,3.5941504400723083
3246.1651651651646,3.5920284863109972
3253.996996996997,3.5930401192185637
3261.8288288288286,3.601400255859661
3269.66066066066,3.6032922814322657
3277.4924924924926,3.5931004879522765
3285.324324324324,3.586009305575154
3293.1561561561557,3.6050082961027994
3300.987987987988,3.645396349273122
3308.8198198198197,3.678483128142904
3316.6516516516513,3.6946453591951016
3324.4834834834837,3.701517441573231
3332.3153153153153,3.6998835070768084
3340.147147147147,3.6834871060095704
3347.9789789789793,3.655715080145035
3355.810810810811,3.629251965821384
3363.6426426426424,3.6159603084760024
3371.474474474474,3.6183730226832234
3379.3063063063064,3.6343535085582075
3387.138138138138,3.655249295904578
3394.9699699699695,3.6747644551232908
3402.801801801802,3.6954738884939533
3410.6336336336335,3.7104572482369194
3418.465465465465,3.705557735653461
3426.2972972972975,3.6763883338624077
3434.129129129129,3.6518523035476598
3441.9609609609606,3.6585520349190257
3449.792792792793,3.6836374923483395
3457.6246246246246,3.696190842405128
3465.456456456456,3.6846065581184475
3473.2882882882877,3.6592974818574167
3481.12012012012,3.6396065985153823
3488.9519519519517,3.630661870502414
3496.7837837837837,3.623841938877889
3504.6156156156153,3.6175339757825404
3512.4474474474473,3.6164687826376545
3520.2792792792793,3.6184147617650377
3528.111111111111,3.609921543858145
3535.942942942943,3.5892639732554175
3543.774774774775,3.550812121469536
3551.6066066066064,3.4999272119695064
3559.4384384384384,3.4587337596474628
3567.27027027027,3.441827088681949
3575.102102102102,3.4460843668139316
3582.933933933934,3.4623486696403547
3590.7657657657655,3.494814902059404
3598.5975975975975,3.537289829487705
3606.429429429429,3.548613463615608
3614.261261261261,3.5136156203623354
3622.093093093093,3.449668920704779
3629.9249249249247,3.385756035946758
3637.7567567567567,3.356255342190691
3645.5885885885887,3.354563675465512
3653.42042042042,3.3469827507628147
3661.252252252252,3.3108851682264504
3669.0840840840838,3.2600597094759616
3676.915915915916,3.227771809099396
3684.747747747748,3.218257829669403
3692.5795795795793,3.2167721374808615
3700.4114114114113,3.217056220973514
3708.2432432432433,3.2201788059509435
3716.075075075075,3.227308457852971
3723.906906906907,3.22792886537582
3731.7387387387384,3.216659530525544
3739.5705705705705,3.2040970029701845
3747.4024024024025,3.2015273750328626
3755.234234234234,3.211317666099937
3763.066066066066,3.2252355817127514
3770.8978978978976,3.23873515807217
3778.7297297297296,3.252245506615248
3786.5615615615616,3.2642669687192623
3794.393393393393,3.272093480283006
3802.225225225225,3.273966259678719
3810.057057057057,3.276987818949733
3817.8888888888887,3.2842308389417516
3825.7207207207207,3.2907522155331015
3833.5525525525522,3.286936018744966
3841.3843843843842,3.27101201522966
3849.2162162162163,3.2448931671912913
3857.048048048048,3.2219274542996788
3864.87987987988,3.217387388870468
3872.711711711712,3.2251157747662007
3880.5435435435434,3.237038857294029
3888.3753753753754,3.243588562108667
3896.207207207207,3.2357137101106925
3904.039039039039,3.2157989225185895
3911.870870870871,3.1869314610146833
3919.7027027027025,3.1493393231707993
3927.5345345345345,3.1184672284050974
3935.366366366366,3.1014287930762396
3943.198198198198,3.0956198206139693
3951.03003003003,3.096462995217345
3958.8618618618616,3.09481044299144
3966.6936936936936,3.0869508415201024
3974.5255255255256,3.0800667108216313
3982.357357357357,3.0784679590557356
3990.189189189189,3.078680230359714
3998.0210210210207,3.077984510964824
4005.8528528528527,3.078590956314625
4013.6846846846847,3.084303720562317
4021.5165165165163,3.0944347722920966
4029.3483483483483,3.1078861156464606
4037.1801801801803,3.1215852598922176
4045.012012012012,3.1442626955354065
4052.843843843844,3.1810638368456132
4060.6756756756754,3.220967682532776
4068.5075075075074,3.241611029813899
4076.3393393393394,3.229426541798025
4084.171171171171,3.2025572795247084
4092.003003003003,3.1808966669980916
4099.8348348348345,3.1692016781089922
4107.666666666666,3.1721127249956265
4115.4984984984985,3.20445812020394
4123.33033033033,3.2501310684411147
4131.162162162162,3.264346113934314
4138.993993993994,3.231869117448033
4146.825825825826,3.1956332111226065
4154.657657657657,3.180397771501565
4162.48948948949,3.1678627677530167
4170.321321321321,3.148904088136047
4178.153153153153,3.1233326238656463
4185.984984984985,3.099394931266761
4193.816816816817,3.0819036571886302
4201.648648648648,3.0665352029487303
4209.480480480481,3.040937809544933
4217.312312312312,2.9918754373684604
4225.144144144144,2.942962085667291
4232.975975975976,2.926409155542793
4240.807807807808,2.9404866744819853
4248.639639639639,2.954193528522325
4256.471471471472,2.9668170466874937
4264.3033033033025,2.9974145674157504
4272.135135135135,3.037914887907499
4279.966966966967,3.068961720047264
4287.798798798798,3.083703086879635
4295.630630630631,3.0843681386978488
4303.462462462463,3.0753427697230373
4311.294294294294,3.0607487276573604
4319.126126126126,3.0380462735464393
4326.957957957958,3.0131918906499746
4334.789789789789,2.991308108774124
4342.621621621622,2.974275782771897
4350.453453453453,2.9688358521722704
4358.285285285285,2.967658665311279
4366.117117117117,2.962100590502021
4373.948948948949,2.955392427929358
4381.78078078078,2.9526532205853266
4389.612612612613,2.97128025392058
4397.444444444444,3.01509876477256
4405.276276276276,3.066050060184539
4413.108108108108,3.0955970422341976
4420.93993993994,3.1069196599592015
4428.7717717717715,3.1179778819963224
4436.603603603604,3.1149223863806927
4444.4354354354355,3.076052041623126
4452.267267267267,3.0019726707583234
4460.0990990990995,2.930789253161022
4467.930930930931,2.8967295440215817
4475.762762762763,2.874101276508941
4483.594594594595,2.846691560999604
4491.426426426426,2.832782552982216
4499.258258258258,2.835129624227128
4507.090090090091,2.8543653948204595
4514.921921921921,2.882202923239708
4522.753753753754,2.9201980004396377
4530.585585585586,2.963588967333835
4538.417417417417,2.971297749976981
4546.249249249249,2.9470002152915113
4554.081081081081,2.912967426677564
4561.912912912912,2.908493980220993
4569.744744744745,2.9482063446919855
4577.576576576576,2.9871179616584524
4585.408408408408,2.9219254639774723
4593.24024024024,2.8030996305393394
4601.072072072072,2.735686262203092
4608.9039039039035,2.714950123489443
4616.735735735736,2.714320876674414
4624.5675675675675,2.7177281878238624
4632.399399399399,2.725748578108497
4640.2312312312315,2.7364478239605927
4648.063063063063,2.7398425198264236
4655.894894894895,2.7309699158606064
4663.726726726727,2.7079697286964155
4671.558558558559,2.6881043863196754
4679.39039039039,2.6899846119755138
4687.222222222223,2.703550853014755
4695.054054054054,2.705645013173745
4702.885885885886,2.6852037002804634
4710.717717717718,2.6598651689405512
4718.549549549549,2.65099118048558
4726.381381381381,2.6632481767607903
4734.213213213214,2.6742852122600045
4742.045045045044,2.6859854217576338
4749.876876876877,2.700476232117152
4757.708708708708,2.694813875739096
4765.54054054054,2.6752363377904933
4773.372372372372,2.6602369558052072
4781.204204204204,2.6555584609138014
4789.0360360360355,2.6388502270772816
4796.867867867868,2.6132428552058253
4804.6996996996995,2.60245282974242
4812.531531531531,2.599393806493474
4820.3633633633635,2.5993150962169085
4828.195195195195,2.6025054588327974
4836.027027027027,2.6102681245371757
4843.858858858859,2.6060905425933645
4851.690690690691,2.5847533948695216
4859.522522522522,2.5650627422577363
4867.354354354355,2.578242218021601
4875.186186186186,2.6254701183072497
4883.018018018018,2.6860526620563636
4890.84984984985,2.7118646790312866
4898.681681681682,2.6787138615095545
4906.513513513513,2.5955401696447744
4914.345345345346,2.488734381926106
4922.177177177176,2.4088733351865046
4930.009009009009,2.3871568768324534
4937.840840840841,2.3985469670003186
4945.672672672672,2.4142564706098892
4953.504504504504,2.4297389364843744
4961.336336336337,2.4393559626200716
4969.1681681681675,2.4378004657834245
4977.0,2.435323792767622
4984.831831831832,2.444388270514202
4992.663663663663,2.471842946049995
5000.495495495496,2.5069266482783705
5008.327327327327,2.5316893155391247
5016.159159159159,2.5459043529538214
5023.990990990991,2.5529960350915912
5031.822822822823,2.551356133525543
5039.654654654654,2.5338515102185832
5047.486486486487,2.4967122406301
5055.318318318318,2.4606271687166137
5063.15015015015,2.4437900358821922
5070.981981981982,2.431106206934453
5078.813813813814,2.406065193657418
5086.645645645645,2.3694586118558125
5094.477477477478,2.337670486156537
5102.309309309309,2.321354322259691
5110.141141141141,2.313528705881426
5117.972972972973,2.3059978601544704
5125.804804804805,2.302041791401157
5133.6366366366365,2.2998950219745895
5141.468468468469,2.2926381876669666
5149.3003003003,2.293185497575486
5157.132132132132,2.3102748494477456
5164.9639639639645,2.347280011299579
5172.795795795795,2.3839169570248355
5180.627627627628,2.4059515551706507
5188.45945945946,2.425676049047664
5196.291291291291,2.4339647457094093
5204.123123123123,2.4387828792453794
5211.954954954955,2.4641803445941513
5219.786786786786,2.522634752479056
5227.618618618619,2.5810343001265235
5235.45045045045,2.6027759657181635
5243.282282282282,2.5277323294593805
5251.114114114114,2.3558668249089343
5258.945945945946,2.210119771148003
5266.777777777777,2.1816371026858903
5274.60960960961,2.2332556761429907
5282.441441441441,2.278886339548729
5290.273273273273,2.303983072151349
5298.105105105105,2.3200449014715296
5305.936936936937,2.320393685381853
5313.7687687687685,2.334758288311712
5321.600600600601,2.3650271129460436
5329.4324324324325,2.369848656363819
5337.264264264264,2.3283223498260943
5345.0960960960965,2.26718971414257
5352.927927927928,2.2355905215564897
5360.75975975976,2.259679289571388
5368.591591591592,2.3032675718545645
5376.423423423423,2.3017106357942696
5384.255255255255,2.236522675885235
5392.087087087088,2.1787105199706622
5399.918918918918,2.1920539936441377
5407.750750750751,2.2679822096112066
5415.582582582582,2.3369547200566654
5423.414414414414,2.3157634531178966
5431.246246246246,2.222604496810717
5439.078078078078,2.129957778509448
5446.909909909909,2.1153876307470347
5454.741741741742,2.187248600153034
5462.573573573573,2.2634431963394555
5470.405405405405,2.282263386305805
5478.237237237237,2.248619467559448
5486.069069069069,2.179922361568672
5493.9009009009005,2.1338359056933425
5501.732732732733,2.1351209378172546
5509.5645645645645,2.14833129445147
5517.396396396396,2.1727443275041027
5525.2282282282285,2.202403628779132
5533.06006006006,2.220177403400553
5540.891891891892,2.1889607177929356
5548.723723723724,2.1599256013374775
5556.555555555556,2.13590325491873
5564.387387387387,2.0568587496161577
5572.21921921922,1.9918014762469731
5580.051051051051,1.9702366965647289
5587.882882882883,1.9920207691007796
5595.714714714714,2.0514976135189027
5603.546546546547,2.1015689719599724
5611.378378378378,2.1260771545484323
5619.21021021021,2.1545138787059654
5627.042042042041,2.191252624452639
5634.873873873874,2.21641942079877
5642.705705705705,2.2019971601816706
5650.537537537537,2.1472184848076123
5658.369369369369,2.047179970467588
5666.201201201201,1.956792168603439
5674.033033033033,1.893136913100867
5681.864864864865,1.8614034743328758
5689.696696696697,1.8955188953545177
5697.528528528528,1.9134268541939854
5705.360360360361,1.8762066906594204
5713.192192192192,1.859055151645348
5721.024024024024,1.887095508057429
5728.855855855856,1.9321774006235435
5736.687687687688,1.9722320793438333
5744.519519519519,1.9814651424451908
5752.351351351352,1.964811418619961
5760.183183183183,1.9095540338960975
5768.015015015015,1.8068967036310093
5775.846846846847,1.7310990697927457
5783.678678678679,1.772897094101732
5791.51051051051,1.88542183325866
5799.342342342343,1.9758562614028885
5807.174174174174,1.9856277141676264
5815.006006006006,1.9068644962726988
5822.8378378378375,1.831351903886208
5830.66966966967,1.8179343681807991
5838.5015015015015,1.8349648600439452
5846.333333333333,1.8416284641107556
5854.165165165165,1.8439871729399095
5861.996996996997,1.8674386324701648
5869.828828828829,1.9047396967062533
5877.66066066066,1.944248266474827
5885.492492492493,1.9777748057781963
5893.324324324324,2.007569027746191
5901.156156156156,2.0606429711391248
5908.987987987988,2.0664551972179988
5916.81981981982,2.034104154675982
5924.651651651651,1.9734846809432698
5932.483483483484,1.8770379544012443
5940.315315315315,1.8221857297149961
5948.147147147147,1.8780334987694582
5955.978978978979,1.9622130566185125
5963.810810810811,1.990636389089528
5971.642642642642,1.9654807280143798
5979.474474474475,1.9000248610594273
5987.306306306306,1.8329916386198806
5995.138138138138,1.8181289760809243
6002.96996996997,1.8451260898186055
6010.801801801802,1.863708432931084
6018.6336336336335,1.8645279639829737
6026.465465465466,1.8461558986220794
6034.2972972972975,1.8305455107142519
6042.129129129129,1.8098491054729744
6049.960960960961,1.8004716056854122
6057.792792792793,1.8421862373843012
6065.624624624625,1.9255077350946728
6073.456456456456,1.9726985825568066
6081.288288288288,1.9302321866695435
6089.12012012012,1.8391923068119138
6096.951951951952,1.792995733213913
6104.783783783783,1.7861685247501153
6112.615615615616,1.7571894968249555
6120.447447447447,1.7283435578597972
6128.279279279279,1.7802065207304734
6136.111111111111,1.8829820025251092
6143.942942942943,1.934400072454886
6151.774774774774,1.8856490744346062
6159.606606606607,1.7643761620270781
6167.438438438438,1.651427163120555
6175.27027027027,1.6108645302179971
6183.102102102102,1.6474986591525929
6190.933933933934,1.7002841943238158
6198.7657657657655,1.7251911363163959
6206.597597597598,1.7395412435258746
6214.42942942943,1.7725182344271453
6222.261261261261,1.8394169054071683
6230.093093093094,1.9181288476131433
6237.924924924925,1.9777227593537001
6245.756756756757,1.9488823880672062
6253.588588588588,1.8587608988220905
6261.420420420421,1.7843420403720236
6269.252252252252,1.7481901278413645
6277.084084084084,1.7356422327664685
6284.915915915915,1.7027635254187268
6292.747747747748,1.6620211126359397
6300.579579579579,1.6232094607577425
6308.411411411411,1.5932105727529
6316.243243243243,1.575965580747072
6324.075075075075,1.58201533100156
6331.906906906906,1.5927454049290795
6339.738738738739,1.611798152013728
6347.57057057057,1.6676143724198698
6355.402402402402,1.742696547876372
6363.2342342342345,1.8324532360084413
6371.066066066066,1.9309863961040517
6378.897897897898,1.9185312914551393
6386.72972972973,1.7783992712486207
6394.561561561562,1.6162417846622255
6402.393393393393,1.5142100838787131
6410.225225225226,1.5228123984661843
6418.057057057057,1.5953944888107054
6425.888888888889,1.6576657726405855
6433.720720720721,1.6868365524154063
6441.552552552553,1.7067997777653139
6449.384384384384,1.7223196121003426
6457.216216216217,1.727574058501807
6465.048048048048,1.736739968762964
6472.87987987988,1.7614202508983414
6480.711711711711,1.780548802326238
6488.543543543544,1.750944071057988
6496.375375375375,0.0
6504.207207207207,0.0
6512.0390390390385,0.0
6519.870870870871,0.0
6527.7027027027025,0.0
6535.534534534534,0.0
6543.3663663663665,0.0
6551.198198198198,0.0
6559.03003003003,0.0
6566.861861861862,1.151959677195595
6574.693693693694,1.1255562984918615
6582.525525525525,1.1371551125801904
6590.357357357358,1.1529179378360277
6598.189189189189,1.1959672529214638
6606.021021021021,1.3056737615709573
6613.852852852853,1.4878136217050317
6621.684684684685,1.6171603326609776
6629.516516516516,1.5837531556644904
6637.348348348349,1.4211836261430972
6645.18018018018,1.2683328938768557
6653.012012012012,1.2153233953697942
6660.843843843844,1.2569746514364828
6668.675675675676,1.3658355646710068
6676.507507507507,1.4726806915178563
6684.339339339339,1.5043414421993726
6692.171171171171,1.450395034416259
6700.003003003003,1.4491104943659983
6707.8348348348345,1.631302773817187
6715.666666666667,1.8754040542827555
6723.4984984984985,1.9694382641864248
6731.33033033033,1.8402134009724693
6739.1621621621625,1.6543475642215164
6746.993993993994,1.5781954059853427
6754.825825825826,1.59611143843818
6762.657657657657,1.6704088585569297
6770.48948948949,1.7781027699077292
6778.321321321321,1.8316479409604347
6786.153153153153,1.756750683303562
6793.984984984985,1.6170030227728278
6801.816816816817,1.5103763366355838
6809.648648648648,1.4851917955258027
6817.480480480481,1.54041124595548
6825.312312312312,1.6221167987818472
6833.144144144144,1.6331061195409067
6840.975975975976,1.5130330785115025
6848.807807807808,1.304168574653389
6856.639639639639,1.13837426292943
6864.471471471472,1.1535384560669044
6872.303303303303,1.2913242102084392
6880.135135135135,1.3617930300145984
6887.966966966967,1.3371176187369151
6895.798798798799,1.2872692529246506
6903.630630630631,1.225191850812114
6911.462462462462,1.179739236428328
6919.294294294295,1.1717862089060027
6927.126126126126,1.1370050612614053
6934.957957957958,1.0731579240635798
6942.78978978979,1.0208430685155951
6950.621621621622,0.9746245626324874
6958.453453453453,0.9342359348518818
6966.285285285285,0.9043034252684667
6974.117117117117,0.9026745186420229
6981.948948948949,0.9230177967264569
6989.78078078078,0.9245523105605777
6997.612612612613,0.8963755610074041
7005.444444444444,0.8458514713982587
7013.276276276276,0.800236787340512
7021.108108108108,0.7917120517872872
7028.93993993994,0.818847659616604
7036.7717717717715,0.8463295668123713
7044.603603603604,0.8516140644394222
7052.4354354354355,0.8623713706690339
7060.267267267267,0.9123690680373829
7068.0990990990995,0.9770059695276204
7075.930930930931,0.9829888143299561
7083.762762762763,0.9280041049500309
7091.594594594595,0.8693906935340496
7099.426426426427,0.8718054423578635
7107.258258258258,1.067545325584912
7115.09009009009,1.5960677256044964
7122.921921921922,2.3599060881164386
7130.753753753754,2.960987700742413
7138.585585585585,3.208864113572984
7146.417417417418,3.2245009085738627
7154.249249249249,3.149797701393612
7162.081081081081,3.0871019299980023
7169.912912912913,3.1057838151821633
7177.744744744745,3.118551461869142
7185.576576576576,3.0571601897389966
7193.408408408408,3.00438219223547
7201.24024024024,2.9538846391046363
7209.072072072072,2.761227634822894
7216.9039039039035,2.278193893620645
7224.735735735736,1.725989676039668
7232.5675675675675,1.399926642938935
7240.399399399399,1.3273036854595976
7248.2312312312315,1.3865479886901313
7256.063063063063,1.506227098246223
7263.894894894895,1.6068107769110869
7271.726726726727,1.6515270174220371
7279.558558558559,1.6257502848758778
7287.39039039039,1.5141333831068868
7295.222222222223,1.4151897462095373
7303.054054054054,1.5155062203654726
7310.885885885886,1.7837855034921144
7318.717717717718,1.9922084634706663
7326.54954954955,2.0495839545665473
7334.381381381381,2.0152785738455123
7342.213213213213,1.9977058925984614
7350.045045045045,2.014291134967525
7357.876876876877,2.047868995897715
7365.708708708708,2.066897708815536
7373.540540540541,2.031865698178047
7381.372372372372,1.9253934179609922
7389.204204204204,1.8137711478254939
7397.036036036036,1.7992339208795702
7404.867867867868,1.88277438172191
7412.6996996996995,1.9747283504041206
7420.531531531531,2.052841557297623
7428.3633633633635,2.127236043452727
7436.195195195195,2.1749068072989473
7444.027027027027,2.201486223659297
7451.858858858859,2.22881318874482
7459.690690690691,2.2628835310696322
7467.522522522522,2.2472572204330103
7475.354354354355,2.1840655117649193
7483.186186186186,2.092799770938138
7491.018018018018,2.0482806700567235
7498.84984984985,2.1372929895686603
7506.681681681682,2.3997561449351488
7514.513513513513,2.6714228244387375
7522.345345345346,2.7256549145558986
7530.177177177177,2.651483189442812
7538.009009009009,2.639397814323926
7545.84084084084,2.7597135034858367
7553.672672672673,2.8621152250305495
7561.504504504504,
7569.336336336336,
7577.168168168168,
7585.0,
